<?xml version="1.0" encoding="UTF-8"?>
<!DOCTYPE Component PUBLIC "-//SAS//EnterpriseMiner DTD Components 1.3//EN" "Components.dtd">
<Component description="Removes the subject-ID of a data set and replaces it by a surrogate ID" displayName="Make subject-ID anonymous" group="GTools" icon="Anonymous.gif" name="ANONYMOUS" prefix="ANONYMOUS" resource="com.sas.analytics.eminer.visuals.PropertyBundle" serverclass="SASHELP.EMCORE.EMCODETOOL.CLASS" type="AF">
    
<PropertyDescriptors>
<Property description="properties.common.variables.desc.txt" displayName="properties.common.variables.txt" name="VariableSet" type="String">
<Control>
<Dialog allowTyping="N" class="com.sas.analytics.eminer.visuals.VariablesDialog" showValue="N"/>
</Control>
</Property>

<Property initial="CATALOG" name="Location" type="String"/>

  <Property initial="SASHELP.NODESBYGERHARD.ANONYMOUS.SOURCE" name="Catalog" type="String"/>          

  <Property initial="GTools" name="ToolType" type="String"/>
            
            
<Property description="Create Surrogate Key?" displayName="Create Surrogate Key" initial="NO" name="Surrogate" type="String">
<Control>
<ChoiceList>
<Choice rawValue="NO"/>
<Choice rawValue="YES"/>
</ChoiceList>
</Control>
</Property>

<Property description="Name of Surrogate Key" displayName="Name of Surrogate Key" initial="_KEY_" name="SurrogatKeyName" type="String">
</Property>
               
</PropertyDescriptors>        

 
<Views>
<View name="Basic">
<PropertyRef nameref="VariableSet"/>
</View>

<View name="Advanced">
<PropertyRef nameref="VariableSet"/>
<Group description="Surrogate" displayName="Surrogate" name="Surrogate">
<PropertyRef nameref="Surrogate"/>
<PropertyRef nameref="SurrogatKeyName"/>
</Group>
</View>
</Views>
</Component>
