<?xml version="1.0" encoding="UTF-8"?>
<!DOCTYPE Component PUBLIC "-//SAS//EnterpriseMiner DTD Components 1.3//EN" "Components.dtd">
<Component description="Calculates the concentration of values per subject over sub-hierarchies" displayName="Concentration of values per subject" group="DataPrep" icon="Concentration.gif" name="Concentration" prefix="Concentration" resource="com.sas.analytics.eminer.visuals.PropertyBundle" serverclass="SASHELP.EMCORE.EMCODETOOL.CLASS" type="AF">
    
<PropertyDescriptors>
<Property description="properties.common.variables.desc.txt" displayName="properties.common.variables.txt" name="VariableSet" type="String">
<Control>
<Dialog allowTyping="N" class="com.sas.analytics.eminer.visuals.VariablesDialog" showValue="N"/>
</Control>
</Property>

<Property initial="CATALOG" name="Location" type="String"/>

  <Property initial="SASHELP.NODESBYGERHARD.CONCENTRATION.SOURCE" name="Catalog" type="String"/>          

  <Property initial="DataPrep" name="ToolType" type="String"/>


<Property description="Summarize Data on ID and Subhierarchy level" displayName="Summarize" initial="NO" name="Summarize" type="String">
<Control>
<ChoiceList>
<Choice rawValue="NO"/>
<Choice rawValue="YES"/>
</ChoiceList>
</Control>
</Property>

<Property description="Measure for Summarization" displayName="Summarization Measure" initial="SUM" name="SummarizeMeasure" type="String">
<Control>
<ChoiceList>
<Choice rawValue="SUM"/>
<Choice rawValue="MEAN"/>
<Choice rawValue="MEDIAN"/>
</ChoiceList>
</Control>
</Property>


</PropertyDescriptors>        
                
<Views>
<View name="Basic">
<PropertyRef nameref="VariableSet"/>
</View>

<View name="Advanced">
<PropertyRef nameref="VariableSet"/>
<Group description="Summarization of Sub-Hierarchies" displayName="Summarization" name="Summarization">
<PropertyRef nameref="Summarize"/>
<PropertyRef nameref="SummarizeMeasure"/>
</Group>
</View>
</Views>
</Component>
