<?xml version="1.0" encoding="UTF-8"?>
<!DOCTYPE Component PUBLIC "-//SAS//EnterpriseMiner DTD Components 1.3//EN" "Components.dtd">
<Component description="Calculates correlations over time between the subject's individual values with the average value of all subjects" 
displayName="Correlations per subject" group="DataPrep" icon="CORRELATION.gif" name="CORRELATION" prefix="CORRELATION" resource="com.sas.analytics.eminer.visuals.PropertyBundle" serverclass="SASHELP.EMCORE.EMCODETOOL.CLASS" type="AF">
    
<PropertyDescriptors>
 <Property initial="CATALOG" name="Location" type="String"/>
 <Property initial="SASHELP.NODESBYGERHARD.CORRELATION.SOURCE" name="Catalog" type="String"/>          
 <Property initial="DataPrep" name="ToolType" type="String"/>

<Property description="properties.common.variables.desc.txt" displayName="properties.common.variables.txt" name="VariableSet" type="String">
<Control>
<Dialog allowTyping="N" class="com.sas.analytics.eminer.visuals.VariablesDialog" showValue="N"/>
</Control>
</Property>


<Property description="Calculation Mode for Correlations" displayName="Calculation Mode" initial="MEAN" name="Mode" type="String">
<Control>
<ChoiceList>
<Choice rawValue="MEAN"/>
<Choice rawValue="INDIVIDUAL"/>
</ChoiceList>
</Control>
</Property>



</PropertyDescriptors>        
                
<Views>
<View name="Basic">
<PropertyRef nameref="VariableSet"/>
</View>

<View name="Advanced">
<PropertyRef nameref="VariableSet"/>
<Group description="Summarization of Sub-Hierarchies" displayName="Summarization" name="Summarization">
<PropertyRef nameref="Mode"/>
</Group>
</View>
</Views>
</Component>
