<?xml version="1.0" encoding="UTF-8"?>
<!DOCTYPE Component PUBLIC "-//SAS//EnterpriseMiner DTD Components 1.3//EN" "Components.dtd">
<Component description="Copy the metadata of Enterprise Miner datasets" displayName="EM Dataset Copy" group="GTools" icon="EMDSCopy.gif" name="EMDSCopy" prefix="EMDSCopy" resource="com.sas.analytics.eminer.visuals.PropertyBundle" serverclass="SASHELP.EMCORE.EMCODETOOL.CLASS" type="AF">
    
<PropertyDescriptors>
<Property description="properties.common.variables.desc.txt" displayName="properties.common.variables.txt" name="VariableSet" type="String">
<Control>
<Dialog allowTyping="N" class="com.sas.analytics.eminer.visuals.VariablesDialog" showValue="N"/>
</Control>
</Property>

<Property initial="CATALOG" name="Location" type="String"/>

  <Property initial="SASHELP.NODESBYGERHARD.EM_DATASOURCE.SOURCE" name="Catalog" type="String"/>          

  <Property initial="GTools" name="ToolType" type="String"/>
            

<Property description="Old prefix name" displayName="Old dataset prefix name" initial="" name="oldname" type="String">
</Property>
<Property description="New prefix name" displayName="New dataset prefix name" initial="" name="newname" type="String">
</Property>
<Property description="New dataset name" displayName="New dataset name" initial="" name="newds" type="String">
</Property>
               
</PropertyDescriptors>        

 
<Views>
<View name="Basic">
<PropertyRef nameref="VariableSet"/>
<PropertyRef nameref="oldname"/>
<PropertyRef nameref="newname"/>
<PropertyRef nameref="newds"/>
</View>

<View name="Advanced">
<PropertyRef nameref="VariableSet"/>
<PropertyRef nameref="oldname"/>
<PropertyRef nameref="newname"/>
<PropertyRef nameref="newds"/>
</View>
</Views>
</Component>
