<?xml version="1.0" encoding="UTF-8"?>
<!DOCTYPE Component PUBLIC "-//SAS//EnterpriseMiner DTD Components 1.3//EN" "Components.dtd">
<Component description="Creates a hierachical clustering tree to display the relationship between items in association analysis" displayName="Item-Relation-Map" group="GTools" icon="ITEMMAP.gif" name="ITEMMAP" prefix="ITEMMAP" resource="com.sas.analytics.eminer.visuals.PropertyBundle" serverclass="SASHELP.EMCORE.EMCODETOOL.CLASS" type="AF">
    
<PropertyDescriptors>
<Property description="properties.common.variables.desc.txt" displayName="properties.common.variables.txt" name="VariableSet" type="String">
<Control>
<Dialog allowTyping="N" class="com.sas.analytics.eminer.visuals.VariablesDialog" showValue="N"/>
</Control>
</Property>

<Property initial="CATALOG" name="Location" type="String"/>

  <Property initial="SASHELP.NODESBYGERHARD.ITEMMAP.SOURCE" name="Catalog" type="String"/>          

  <Property initial="GTools" name="ToolType" type="String"/>
            
<Property description="Items" displayName="Number of Items" initial="50" name="Items" type="String">
</Property>
<Property description="Cut" displayName="Cut" initial="1" name="Cut" type="String">
</Property>
               
</PropertyDescriptors>        

 
<Views>
<View name="Basic">
<PropertyRef nameref="VariableSet"/>
<PropertyRef nameref="Items"/>
<PropertyRef nameref="Cut"/>
</View>

<View name="Advanced">
<PropertyRef nameref="VariableSet"/>
<PropertyRef nameref="Items"/>
<PropertyRef nameref="Cut"/>
</View>
</Views>
</Component>
