<?xml version="1.0" encoding="UTF-8"?>
<!DOCTYPE Component PUBLIC "-//SAS//EnterpriseMiner DTD Components 1.3//EN" "Components.dtd">
<Component description="Creates a Target BarChart" displayName="Target BarChart" group="GTools" icon="TargetChart.gif" name="TargetChart" prefix="TargetChart" resource="com.sas.analytics.eminer.visuals.PropertyBundle" serverclass="SASHELP.EMCORE.EMCODETOOL.CLASS" type="AF">
    
<PropertyDescriptors>
<Property description="properties.common.variables.desc.txt" displayName="properties.common.variables.txt" name="VariableSet" type="String">
<Control>
<Dialog allowTyping="N" class="com.sas.analytics.eminer.visuals.VariablesDialog" showValue="N"/>
</Control>
</Property>

<Property initial="CATALOG" name="Location" type="String"/>

  <Property initial="SASHELP.NODESBYGERHARD.TargetChart.SOURCE" name="Catalog" type="String"/>          

  <Property initial="GTools" name="ToolType" type="String"/>

</PropertyDescriptors>        
                
<Views>
<View name="Basic">
<PropertyRef nameref="VariableSet"/>
</View>

<View name="Advanced">
<PropertyRef nameref="VariableSet"/>
</View>
</Views>
</Component>
