<?xml version="1.0" encoding="UTF-8"?>
<!DOCTYPE Component PUBLIC "-//SAS//EnterpriseMiner DTD Components 1.3//EN" "Components.dtd">
<Component description="Performs Trend Regression per subject" displayName="Trend Regression" group="DataPrep" icon="TrendRegression.gif" name="TrendRegression" prefix="TrendRegression" resource="com.sas.analytics.eminer.visuals.PropertyBundle" serverclass="SASHELP.EMCORE.EMCODETOOL.CLASS" type="AF">
    
<PropertyDescriptors>
<Property description="properties.common.variables.desc.txt" displayName="properties.common.variables.txt" name="VariableSet" type="String">
<Control>
<Dialog allowTyping="N" class="com.sas.analytics.eminer.visuals.VariablesDialog" showValue="N"/>
</Control>
</Property>




<Property initial="CATALOG" name="Location" type="String"/>

  <Property initial="SASHELP.NODESBYGERHARD.TRENDREGRESSION.SOURCE" name="Catalog" type="String"/>          

  <Property initial="DataPrep" name="ToolType" type="String"/>







<Property description="From Value for first stage" displayName="From for first stage" initial="-999999999" name="Min1" type="double">
</Property>
<Property description="Till Value for first stage" displayName="Till for first stage" initial="999999999" name="Max1" type="double">
</Property>

<Property description="Create more than one stage" displayName="TwoStage" initial="NO" name="TwoStage" type="String">
<Control>
<ChoiceList>
<Choice rawValue="NO"/>
<Choice rawValue="YES"/>
</ChoiceList>
</Control>
</Property>


<Property description="From Value for 2nd stage" displayName="From for 2nd stage" initial="-999999999" name="Min2" type="double">
</Property>
<Property description="Till Value for 2nd stage" displayName="Till for 2nd stage" initial="999999999" name="Max2" type="double">
</Property>


<Property description="Create a concatenated group variable" displayName="Concatenated Group Variable" initial="NO" name="Group" type="String">
<Control>
<ChoiceList>
<Choice rawValue="NO"/>
<Choice rawValue="YES"/>
</ChoiceList>
</Control>
</Property>

<Property description="Lower Limit for grouping" displayName="Lower Limit" initial="-1" name="Limit1" type="double">
</Property>
<Property description="Upper Limit for grouping" displayName="Upper Limit" initial="1" name="Limit2" type="double">
</Property>



</PropertyDescriptors>        
                
<Views>
<View name="Basic">
<PropertyRef nameref="VariableSet"/>
</View>

<View name="Advanced">
<PropertyRef nameref="VariableSet"/>
<Group description="FirstStage" displayName="First Stage" name="FirstStage">
<PropertyRef nameref="Min1"/>
<PropertyRef nameref="Max1"/>
</Group>
<Group description="Second Stage" displayName="Second Stage" name="SecondStage">
<PropertyRef nameref="TwoStage"/>
<PropertyRef nameref="Min2"/>
<PropertyRef nameref="Max2"/>
</Group>
<Group description="Grouping" displayName="Grouping" name="Grouping">
<PropertyRef nameref="Group"/>
<PropertyRef nameref="Limit1"/>
<PropertyRef nameref="Limit2"/>
</Group>
</View>
</Views>
</Component>
