<?xml version="1.0"?>
<Component type="AF" serverclass="SASHELP.EMCORE.EMCODETOOL.CLASS" name="ADPFA_Overview" group="DataPrep" prefix="ADPFA_Overview" displayName="ADPFA_Overview" description="ADPFA_Overview" icon="ADPFA_Overview.gif" resource="com.sas.analytics.eminer.visuals.PropertyBundle">
    
<PropertyDescriptors>
<Property type="String" name="VariableSet" displayName="properties.common.variables.txt" description="properties.common.variables.desc.txt">
<Control type="DIALOG" showValue="N" allowTyping="N" dialogClass="com.sas.analytics.eminer.visuals.VariablesDialog"/>
</Property>



<Property type="String"
            name="Location" 
            initial="CATALOG" />

  <Property type="String" 
            name="Catalog"            
            initial="SASHELP.DATAPREP.ADPFA_OVERVIEW.SOURCE" />          

  <Property type="String"
            name="ToolType" 
            initial="DATAPREP" />




</PropertyDescriptors>        
                
<Views>
<View name="Basic">
<Property name="VariableSet"/>
</View>

<View name="Advanced">
<Property name="VariableSet"/>
</View>
</Views>
</Component>
