<?xml version="1.0"?>
<Component type="AF" serverclass="SASHELP.EMCORE.EMCODETOOL.CLASS" name="CategoryCount" group="DataPrep" prefix="CategoryCount" displayName="CategoryCount" description="CategoryCount" icon="CategoryCount.gif" resource="com.sas.analytics.eminer.visuals.PropertyBundle">
    
<PropertyDescriptors>
<Property type="String" name="VariableSet" displayName="properties.common.variables.txt" description="properties.common.variables.desc.txt">
<Control type="DIALOG" showValue="N" allowTyping="N" dialogClass="com.sas.analytics.eminer.visuals.VariablesDialog"/>
</Property>

<Property type="String"
            name="Location" 
            initial="CATALOG" />

  <Property type="String" 
            name="Catalog"            
            initial="SASHELP.DATAPREP.CATEGORYCOUNT.SOURCE" />          

  <Property type="String"
            name="ToolType" 
            initial="DATAPREP" />

</PropertyDescriptors>        
                
<Views>
<View name="Basic">
<Property name="VariableSet"/>


</View>

<View name="Advanced">
<Property name="VariableSet"/>

</View>
</Views>
</Component>
