<?xml version="1.0"?>
<Component type="AF" serverclass="SASHELP.EMCORE.EMCODETOOL.CLASS" name="Concentration" group="DataPrep" prefix="Concentration" displayName="Concentration" description="Concentration" icon="Concentration.gif" resource="com.sas.analytics.eminer.visuals.PropertyBundle">
    
<PropertyDescriptors>
<Property type="String" name="VariableSet" displayName="properties.common.variables.txt" description="properties.common.variables.desc.txt">
<Control type="DIALOG" showValue="N" allowTyping="N" dialogClass="com.sas.analytics.eminer.visuals.VariablesDialog"/>
</Property>

<Property type="String"
            name="Location" 
            initial="CATALOG" />

  <Property type="String" 
            name="Catalog"            
            initial="SASHELP.DATAPREP.CONCENTRATION.SOURCE" />          

  <Property type="String"
            name="ToolType" 
            initial="DATAPREP" />


<Property type="String" name="Summarize" displayName="Summarize" description="Summarize Data on ID and Subhierarchy level" initial="NO" allowTyping="N">
<Control type="CHOICE">
<Choice rawValue="NO"/>
<Choice rawValue="YES"/>
</Control>
</Property>

<Property type="String" name="SummarizeMeasure" displayName="Summarization Measure" description="Measure for Summarization" initial="SUM" allowTyping="Y">
<Control type="CHOICE">
<Choice rawValue="SUM"/>
<Choice rawValue="MEAN"/>
<Choice rawValue="MEDIAN"/>
</Control>
</Property>


</PropertyDescriptors>        
                
<Views>
<View name="Basic">
<Property name="VariableSet"/>


</View>

<View name="Advanced">
<Property name="VariableSet"/>
<Group name="Summarization" displayName="Summarization" description="Summarization of Sub-Hierarchies">
<!-- Property name="Task" / -->
<Property name="Summarize" />
<Property name="SummarizeMeasure"/>
</Group>
</View>
</Views>
</Component>
