<?xml version="1.0"?>
<Component type="AF" serverclass="SASHELP.EMCORE.EMCODETOOL.CLASS" name="CORRELATION" group="DataPrep" prefix="CORRELATION" displayName="CORRELATION" description="CORRELATION" icon="CORRELATION.gif" resource="com.sas.analytics.eminer.visuals.PropertyBundle">




  

    
<PropertyDescriptors>


<Property type="String"
            name="Location" 
            initial="CATALOG" />

  <Property type="String" 
            name="Catalog"            
            initial="SASHELP.DATAPREP.CORRELATION.SOURCE" />          

  <Property type="String"
            name="ToolType" 
            initial="DATAPREP" />


<Property type="String" name="VariableSet" displayName="properties.common.variables.txt" description="properties.common.variables.desc.txt">
<Control type="DIALOG" showValue="N" allowTyping="N" dialogClass="com.sas.analytics.eminer.visuals.VariablesDialog"/>
</Property>


<Property type="String" name="Mode" displayName="Calculation Mode" description="Calculation Mode for Correlations" initial="MEAN" allowTyping="N">
<Control type="CHOICE">
<Choice rawValue="MEAN"/>
<Choice rawValue="INDIVIDUAL"/>
</Control>
</Property>



</PropertyDescriptors>        
                
<Views>
<View name="Basic">
<Property name="VariableSet"/>


</View>

<View name="Advanced">
<Property name="VariableSet"/>
<Group name="Summarization" displayName="Summarization" description="Summarization of Sub-Hierarchies">
<!-- Property name="Task" / -->
<Property name="Mode" />
</Group>
</View>
</Views>
</Component>
