<?xml version="1.0" encoding="UTF-8"?>
<Workspace>
<NODES>
<NODE COMPONENT="Metadata" DESCRIPTION="Define the reference variable" DIAGRAMID="_ROOT_" ID="$1" PARENTID="" X="252.0" Y="350.0">
<PROPERTIES AdvancedAdvisor="N" CombineRule="NONE" Component="Metadata" ComputeStatistics="N" ForceRun="N" HideRejected="N" RunAction="Train">
<VariableProperties/>
<EmVariableAttributes>
<DELTA AttributeName="NEWROLE" AttributeValue="CENSOR" Variable="Billing"/>
<DELTA AttributeName="HIDDEN" AttributeValue="N" Variable="Billing"/>
<DELTA AttributeName="HIDDEN" AttributeValue="N" Variable="CustID"/>
<DELTA AttributeName="HIDDEN" AttributeValue="N" Variable="Month"/>
<DELTA AttributeName="HIDDEN" AttributeValue="N" Variable="Usage"/>
</EmVariableAttributes>
<EmTargetAttributes/>
<EmFileProperties>
<IMPORTSET Type="DATA">
<Data>
<Obs COLUMNMETA="" COLUMNMETAMODTIME="NaN" DATASET="" DATASOURCE="" EMINFO="" EMINFOMODTIME="NaN" LIBNAME="" MODTIME="NaN" NOBS="NaN" NODELABEL="" NODEPORT="" PORT="DATA" ROLE="" USE="Y"/>
<Obs COLUMNMETA="" COLUMNMETAMODTIME="NaN" DATASET="" DATASOURCE="" EMINFO="" EMINFOMODTIME="NaN" LIBNAME="" MODTIME="NaN" NOBS="NaN" NODELABEL="" NODEPORT="" PORT="VALIDATE" ROLE="" USE="Y"/>
<Obs COLUMNMETA="" COLUMNMETAMODTIME="NaN" DATASET="" DATASOURCE="" EMINFO="" EMINFOMODTIME="NaN" LIBNAME="" MODTIME="NaN" NOBS="NaN" NODELABEL="" NODEPORT="" PORT="TEST" ROLE="" USE="Y"/>
<Obs COLUMNMETA="" COLUMNMETAMODTIME="NaN" DATASET="" DATASOURCE="" EMINFO="" EMINFOMODTIME="NaN" LIBNAME="" MODTIME="NaN" NOBS="NaN" NODELABEL="" NODEPORT="" PORT="SCORE" ROLE="" USE="Y"/>
<Obs COLUMNMETA="Ids4_CMeta_DATA" COLUMNMETAMODTIME="1.6068181222E9" DATASET="Ids4_DATA" DATASOURCE="USAGE" EMINFO="Ids4_EMINFO" EMINFOMODTIME="1.6068181222E9" LIBNAME="" MODTIME="1.6068181223E9" NOBS="146448.0" NODELABEL="Ids4" NODEPORT="DATA" PORT="TRANSACTION" ROLE="TRANSACTION" USE="Y"/>
<Obs COLUMNMETA="" COLUMNMETAMODTIME="NaN" DATASET="" DATASOURCE="" EMINFO="" EMINFOMODTIME="NaN" LIBNAME="" MODTIME="NaN" NOBS="NaN" NODELABEL="" NODEPORT="" PORT="DOCUMENT" ROLE="" USE="Y"/>
<Obs COLUMNMETA="" COLUMNMETAMODTIME="NaN" DATASET="" DATASOURCE="" EMINFO="" EMINFOMODTIME="NaN" LIBNAME="" MODTIME="NaN" NOBS="NaN" NODELABEL="" NODEPORT="" PORT="CLUSMEAN" ROLE="" USE="Y"/>
<Obs COLUMNMETA="" COLUMNMETAMODTIME="NaN" DATASET="" DATASOURCE="" EMINFO="" EMINFOMODTIME="NaN" LIBNAME="" MODTIME="NaN" NOBS="NaN" NODELABEL="" NODEPORT="" PORT="CLUSSTAT" ROLE="" USE="Y"/>
<Obs COLUMNMETA="" COLUMNMETAMODTIME="NaN" DATASET="" DATASOURCE="" EMINFO="" EMINFOMODTIME="NaN" LIBNAME="" MODTIME="NaN" NOBS="NaN" NODELABEL="" NODEPORT="" PORT="ESTIMATE" ROLE="" USE="Y"/>
<Obs COLUMNMETA="" COLUMNMETAMODTIME="NaN" DATASET="" DATASOURCE="" EMINFO="" EMINFOMODTIME="NaN" LIBNAME="" MODTIME="NaN" NOBS="NaN" NODELABEL="" NODEPORT="" PORT="RANK" ROLE="" USE="Y"/>
<Obs COLUMNMETA="" COLUMNMETAMODTIME="NaN" DATASET="" DATASOURCE="" EMINFO="" EMINFOMODTIME="NaN" LIBNAME="" MODTIME="NaN" NOBS="NaN" NODELABEL="" NODEPORT="" PORT="REPORTFIT" ROLE="" USE="Y"/>
<Obs COLUMNMETA="" COLUMNMETAMODTIME="NaN" DATASET="" DATASOURCE="" EMINFO="" EMINFOMODTIME="NaN" LIBNAME="" MODTIME="NaN" NOBS="NaN" NODELABEL="" NODEPORT="" PORT="RULES" ROLE="" USE="Y"/>
<Obs COLUMNMETA="" COLUMNMETAMODTIME="NaN" DATASET="" DATASOURCE="" EMINFO="" EMINFOMODTIME="NaN" LIBNAME="" MODTIME="NaN" NOBS="NaN" NODELABEL="" NODEPORT="" PORT="SCOREDIST" ROLE="" USE="Y"/>
<Obs COLUMNMETA="" COLUMNMETAMODTIME="NaN" DATASET="" DATASOURCE="" EMINFO="" EMINFOMODTIME="NaN" LIBNAME="" MODTIME="NaN" NOBS="NaN" NODELABEL="" NODEPORT="" PORT="TERMS" ROLE="" USE="Y"/>
<Obs COLUMNMETA="" COLUMNMETAMODTIME="NaN" DATASET="" DATASOURCE="" EMINFO="" EMINFOMODTIME="NaN" LIBNAME="" MODTIME="NaN" NOBS="NaN" NODELABEL="" NODEPORT="" PORT="TREE" ROLE="" USE="Y"/>
<Obs COLUMNMETA="" COLUMNMETAMODTIME="NaN" DATASET="" DATASOURCE="" EMINFO="" EMINFOMODTIME="NaN" LIBNAME="" MODTIME="NaN" NOBS="NaN" NODELABEL="" NODEPORT="" PORT="VARMAP" ROLE="" USE="Y"/>
</Data>
<Metadata>
<Variable FORMAT="" LABEL="" LENGTH="1" NAME="USE" TYPE="C"/>
<Variable FORMAT="" LABEL="" LENGTH="32" NAME="PORT" TYPE="C"/>
<Variable FORMAT="" LABEL="" LENGTH="32" NAME="NODELABEL" TYPE="C"/>
<Variable FORMAT="" LABEL="" LENGTH="32" NAME="NODEPORT" TYPE="C"/>
<Variable FORMAT="" LABEL="" LENGTH="8" NAME="LIBNAME" TYPE="C"/>
<Variable FORMAT="" LABEL="" LENGTH="32" NAME="DATASET" TYPE="C"/>
<Variable FORMAT="" LABEL="" LENGTH="20" NAME="ROLE" TYPE="C"/>
<Variable FORMAT="DATETIME20." LABEL="" LENGTH="8" NAME="MODTIME" TYPE="N"/>
<Variable FORMAT="" LABEL="" LENGTH="32" NAME="COLUMNMETA" TYPE="C"/>
<Variable FORMAT="DATETIME20." LABEL="" LENGTH="8" NAME="COLUMNMETAMODTIME" TYPE="N"/>
<Variable FORMAT="" LABEL="" LENGTH="32" NAME="EMINFO" TYPE="C"/>
<Variable FORMAT="DATETIME20." LABEL="" LENGTH="8" NAME="EMINFOMODTIME" TYPE="N"/>
<Variable FORMAT="" LABEL="" LENGTH="8" NAME="NOBS" TYPE="N"/>
<Variable FORMAT="" LABEL="" LENGTH="29" NAME="DATASOURCE" TYPE="C"/>
</Metadata>
</IMPORTSET>
<VARIABLEPROPERTIES_TRANSACTION Extension="sas" Type="EXTERNAL">
<Data>*------------------------------------------------------------*;
* Variable Attributes for TRANSACTION;
*------------------------------------------------------------*;
if upcase(NAME) = "BILLING" then NEWROLE="CENSOR";
</Data>
</VARIABLEPROPERTIES_TRANSACTION>
<METACODE_TRANSACTION Extension="sas" Type="EXTERNAL">
<Data>*------------------------------------------------------------*;
* Metadata Changes;
*------------------------------------------------------------*;
if upcase(NAME) = "BILLING" then ROLE="CENSOR";
</Data>
</METACODE_TRANSACTION>
<EMNOTES Extension="txt" Type="EXTERNAL">
<Data/>
</EMNOTES>
</EmFileProperties>
</PROPERTIES>
</NODE>
<NODE COMPONENT="Merge" DESCRIPTION="Merge" DIAGRAMID="_ROOT_" ID="$2" PARENTID="" X="718.0" Y="352.0">
<PROPERTIES Component="Merge" ForceRun="N" MergeType="MATCH" OverwriteAssess="N" OverwriteClassification="N" OverwritePredicted="N" OverwriteResidual="N" OverwriteSegment="N" OverwriteVariables="N" RunAction="Train">
<VariableProperties/>
<EmVariableAttributes>
<DELTA AttributeName="MERGEROLE" AttributeValue="BY" Variable="CustID"/>
</EmVariableAttributes>
<EmTargetAttributes/>
<EmFileProperties>
<BYORDER Type="DATA">
<Data>
<Obs LABEL="CustID" LEVEL="INTERVAL" NAME="CustID" ROLE="INPUT" TYPE="N" _ORDER_="1.0"/>
</Data>
<Metadata>
<Variable FORMAT="" LABEL="Variable Name" LENGTH="64" NAME="NAME" TYPE="C"/>
<Variable FORMAT="" LABEL="Role" LENGTH="32" NAME="ROLE" TYPE="C"/>
<Variable FORMAT="" LABEL="Measurement Level" LENGTH="10" NAME="LEVEL" TYPE="C"/>
<Variable FORMAT="" LABEL="Type" LENGTH="1" NAME="TYPE" TYPE="C"/>
<Variable FORMAT="" LABEL="Label" LENGTH="200" NAME="LABEL" TYPE="C"/>
<Variable FORMAT="" LABEL="Order" LENGTH="8" NAME="_ORDER_" TYPE="N"/>
</Metadata>
</BYORDER>
<EMNOTES Extension="txt" Type="EXTERNAL">
<Data/>
</EMNOTES>
</EmFileProperties>
</PROPERTIES>
</NODE>
<NODE COMPONENT="CORRELATION" DESCRIPTION="MEAN Correlation" DIAGRAMID="_ROOT_" ID="$3" PARENTID="" X="252.0" Y="444.0">
<PROPERTIES Catalog="SASHELP.NODESBYGERHARD.CORRELATION.SOURCE" Component="CORRELATION" Extension="" ForceRun="N" Location="CATALOG" Mode="MEAN" NotesFile="c:\temp\EM61_Demo\Workspaces\EMWS14\CORRELATION\EMNOTES.txt" RunAction="Train" ToolType="DATAPREP" VariableSet="EMWS14.CORRELATION_VariableSet">
<VariableProperties/>
<Notes/>
<EmVariableAttributes/>
<VariableProperties/>
<EmTargetAttributes/>
<EmFileProperties>
<USERTRAINCODE Extension="sas" Type="EXTERNAL">
<Data/>
</USERTRAINCODE>
<USERSCORECODE Extension="sas" Type="EXTERNAL">
<Data/>
</USERSCORECODE>
<EMNOTES Extension="txt" Type="EXTERNAL">
<Data/>
</EMNOTES>
</EmFileProperties>
</PROPERTIES>
</NODE>
<NODE COMPONENT="TrendRegression" DESCRIPTION="TrendRegression" DIAGRAMID="_ROOT_" ID="$4" PARENTID="" X="256.0" Y="558.0">
<PROPERTIES Catalog="SASHELP.NODESBYGERHARD.TRENDREGRESSION.SOURCE" Component="TrendRegression" Extension="" ForceRun="N" Group="YES" Limit1="-1.0" Limit2="1.0" Location="CATALOG" Max1="9.99999999E8" Max2="6.0" Min1="-9.99999999E8" Min2="5.0" NotesFile="c:\temp\EM61_Demo\Workspaces\EMWS14\TrendRegression\EMNOTES.txt" RunAction="Train" ToolType="DATAPREP" TwoStage="YES" VariableSet="EMWS14.TrendRegression_VariableSet">
<VariableProperties/>
<Notes/>
<EmVariableAttributes/>
<VariableProperties/>
<EmTargetAttributes/>
<EmFileProperties>
<USERTRAINCODE Extension="sas" Type="EXTERNAL">
<Data/>
</USERTRAINCODE>
<USERSCORECODE Extension="sas" Type="EXTERNAL">
<Data/>
</USERSCORECODE>
<EMNOTES Extension="txt" Type="EXTERNAL">
<Data/>
</EMNOTES>
</EmFileProperties>
</PROPERTIES>
</NODE>
<NODE COMPONENT="CORRELATION" DESCRIPTION="INDIVIDUAL Correlation" DIAGRAMID="_ROOT_" ID="$5" PARENTID="" X="419.0" Y="350.0">
<PROPERTIES Catalog="SASHELP.NODESBYGERHARD.CORRELATION.SOURCE" Component="CORRELATION" Extension="" ForceRun="N" Location="CATALOG" Mode="INDIVIDUAL" NotesFile="" RunAction="Train" ToolType="DATAPREP" VariableSet="">
<VariableProperties/>
<Notes/>
<EmVariableAttributes/>
<VariableProperties/>
<EmTargetAttributes/>
<EmFileProperties>
<USERTRAINCODE Extension="sas" Type="EXTERNAL">
<Data/>
</USERTRAINCODE>
<USERSCORECODE Extension="sas" Type="EXTERNAL">
<Data/>
</USERSCORECODE>
<EMNOTES Extension="txt" Type="EXTERNAL">
<Data/>
</EMNOTES>
</EmFileProperties>
</PROPERTIES>
</NODE>
<NODE COMPONENT="CategoryCount" DESCRIPTION="CategoryCount" DIAGRAMID="_ROOT_" ID="$6" PARENTID="" X="255.0" Y="117.0">
<PROPERTIES Catalog="SASHELP.NODESBYGERHARD.CATEGORYCOUNT.SOURCE" Component="CategoryCount" Extension="" ForceRun="N" Location="CATALOG" NotesFile="" RunAction="Train" ToolType="DATAPREP" VariableSet="">
<VariableProperties/>
<Notes/>
<EmVariableAttributes/>
<VariableProperties/>
<EmTargetAttributes/>
<EmFileProperties>
<USERTRAINCODE Extension="sas" Type="EXTERNAL">
<Data/>
</USERTRAINCODE>
<USERSCORECODE Extension="sas" Type="EXTERNAL">
<Data/>
</USERSCORECODE>
<EMNOTES Extension="txt" Type="EXTERNAL">
<Data/>
</EMNOTES>
</EmFileProperties>
</PROPERTIES>
</NODE>
<NODE COMPONENT="Concentration" DESCRIPTION="Concentration" DIAGRAMID="_ROOT_" ID="$7" PARENTID="" X="259.0" Y="233.0">
<PROPERTIES Catalog="SASHELP.NODESBYGERHARD.CONCENTRATION.SOURCE" Component="Concentration" Extension="" ForceRun="N" Location="CATALOG" NotesFile="c:\temp\EM61_Demo\Workspaces\EMWS14\Concentration\EMNOTES.txt" RunAction="Train" Summarize="NO" SummarizeMeasure="SUM" ToolType="DATAPREP" VariableSet="EMWS14.Concentration_VariableSet">
<VariableProperties/>
<Notes/>
<EmVariableAttributes/>
<VariableProperties/>
<EmTargetAttributes/>
<EmFileProperties>
<USERTRAINCODE Extension="sas" Type="EXTERNAL">
<Data/>
</USERTRAINCODE>
<USERSCORECODE Extension="sas" Type="EXTERNAL">
<Data/>
</USERSCORECODE>
<EMNOTES Extension="txt" Type="EXTERNAL">
<Data/>
</EMNOTES>
</EmFileProperties>
</PROPERTIES>
</NODE>
<NODE COMPONENT="ADPFA_Overview" DESCRIPTION="Data Preparation for Analytics - Overview" DIAGRAMID="_ROOT_" ID="$8" PARENTID="" X="60.0" Y="37.0">
<PROPERTIES Catalog="SASHELP.NODESBYGERHARD.ADPFA_OVERVIEW.SOURCE" Component="ADPFA_Overview" Extension="" ForceRun="N" Location="CATALOG" NotesFile="" RunAction="Train" ToolType="DATAPREP" VariableSet="">
<VariableProperties/>
<Notes/>
<VariableProperties/>
<EmTargetAttributes/>
<EmFileProperties>
<USERTRAINCODE Extension="sas" Type="EXTERNAL">
<Data/>
</USERTRAINCODE>
<USERSCORECODE Extension="sas" Type="EXTERNAL">
<Data/>
</USERSCORECODE>
<EMNOTES Extension="txt" Type="EXTERNAL">
<Data/>
</EMNOTES>
</EmFileProperties>
</PROPERTIES>
</NODE>
<NODE COMPONENT="DataSource" DESCRIPTION="ACCOUNTS" DIAGRAMID="_ROOT_" ID="$9" PARENTID="" X="51.0" Y="161.0">
<PROPERTIES ApplyIntervalLevelLowerLimit="Y" ApplyMaxClassLevels="Y" ApplyMaxPercentMissing="Y" Component="DataSource" ComputeStatistics="N" DBPassThrough="Y" DataSelection="DATASOURCE" DataSource="ACCOUNTS" DataSourceRole="TRANSACTION" Description="" DropMapVariables="N" DsCreateDate="1606664221.1" DsCreatedBy="europe\autges" DsId="ACCOUNTS" DsModifiedBy="autges" DsModifyDate="1606664221.1" DsSampleName="" DsSampleSize="" DsSampleSizeType="" DsScope="LOCAL" ForceRun="N" IdentifyEmptyColumns="Y" IntervalLowerLimit="20.0" Library="EXT_DATA" MaxClassLevels="20.0" MaxPercentMissing="50.0" MetaAdvisor="BASIC" NBytes="4326400.0" NCols="6.0" NObs="37971.0" NewTable="" NewVariableRole="REJECT" OutputType="VIEW" Role="TRANSACTION" RunAction="Train" Sample="D" SampleSizeObs="10000.0" SampleSizePercent="20.0" SampleSizeType="PERCENT" Scope="LOCAL" Segment="" Table="ACCOUNTS" VariableValidation="STRICT">
<VariableProperties/>
<EmVariableAttributes>
<DELTA AttributeName="ROLE" AttributeValue="REJECTED" Variable="AccountID"/>
<DELTA AttributeName="ROLE" AttributeValue="ID" Variable="CustID"/>
</EmVariableAttributes>
<EmTargetAttributes/>
<EmFileProperties>
<EMNOTES Extension="txt" Type="EXTERNAL">
<Data/>
</EMNOTES>
</EmFileProperties>
</PROPERTIES>
</NODE>
<NODE COMPONENT="DataSource" DESCRIPTION="USAGE" DIAGRAMID="_ROOT_" ID="$10" PARENTID="" X="59.0" Y="469.0">
<PROPERTIES ApplyIntervalLevelLowerLimit="Y" ApplyMaxClassLevels="Y" ApplyMaxPercentMissing="Y" Component="DataSource" ComputeStatistics="N" DBPassThrough="Y" DataSelection="DATASOURCE" DataSource="USAGE" DataSourceRole="TRANSACTION" Description="" DropMapVariables="N" DsCreateDate="1606664521.1" DsCreatedBy="europe\autges" DsId="USAGE" DsModifiedBy="autges" DsModifyDate="1606664521.2" DsSampleName="" DsSampleSize="" DsSampleSizeType="" DsScope="LOCAL" ForceRun="N" IdentifyEmptyColumns="Y" IntervalLowerLimit="20.0" Library="EXT_DATA" MaxClassLevels="20.0" MaxPercentMissing="50.0" MetaAdvisor="BASIC" NBytes="4719616.0" NCols="4.0" NObs="146448.0" NewTable="" NewVariableRole="REJECT" OutputType="VIEW" Role="TRANSACTION" RunAction="Train" Sample="D" SampleSizeObs="10000.0" SampleSizePercent="20.0" SampleSizeType="PERCENT" Scope="LOCAL" Segment="" Table="USAGE" VariableValidation="STRICT">
<VariableProperties/>
<EmVariableAttributes>
<DELTA AttributeName="ROLE" AttributeValue="ID" Variable="CustID"/>
<DELTA AttributeName="ROLE" AttributeValue="TIMEID" Variable="Month"/>
</EmVariableAttributes>
<EmTargetAttributes/>
<EmFileProperties>
<EMNOTES Extension="txt" Type="EXTERNAL">
<Data/>
</EMNOTES>
</EmFileProperties>
</PROPERTIES>
</NODE>
<NODE COMPONENT="Transpose2Wide" DESCRIPTION="Transpose from LONG to WIDE" DIAGRAMID="_ROOT_" ID="$11" PARENTID="" X="260.0" Y="656.0">
<PROPERTIES Catalog="SASHELP.NODESBYGERHARD.TP2WIDE.SOURCE" Component="Transpose2Wide" Extension="" ForceRun="N" Location="CATALOG" NotesFile="c:\temp\EM61_Demo\Workspaces\EMWS14\TP2WIDE\EMNOTES.txt" RunAction="Train" ToolType="DataPrep" VariableSet="EMWS14.TP2WIDE_VariableSet">
<VariableProperties/>
<EmVariableAttributes/>
<EmTargetAttributes/>
<EmFileProperties>
<USERTRAINCODE Extension="sas" Type="EXTERNAL">
<Data/>
</USERTRAINCODE>
<EMNOTES Extension="txt" Type="EXTERNAL">
<Data/>
</EMNOTES>
</EmFileProperties>
</PROPERTIES>
</NODE>
</NODES>
<CONNECTIONS>
<CONNECTION FROM="$6" TO="$2"/>
<CONNECTION FROM="$7" TO="$2"/>
<CONNECTION FROM="$1" TO="$5"/>
<CONNECTION FROM="$5" TO="$2"/>
<CONNECTION FROM="$3" TO="$2"/>
<CONNECTION FROM="$4" TO="$2"/>
<CONNECTION FROM="$9" TO="$7"/>
<CONNECTION FROM="$9" TO="$6"/>
<CONNECTION FROM="$10" TO="$4"/>
<CONNECTION FROM="$10" TO="$3"/>
<CONNECTION FROM="$10" TO="$1"/>
<CONNECTION FROM="$10" TO="$11"/>
<CONNECTION FROM="$11" TO="$2"/>
</CONNECTIONS>
<NOTES> 
</NOTES>
</Workspace>
