<?xml version="1.0" encoding="UTF-8"?>
<Workspace>
<NODES>
<NODE COMPONENT="DataSource" DESCRIPTION="HMEQ" DIAGRAMID="_ROOT_" ID="$1" PARENTID="" X="119.0" Y="81.0">
<PROPERTIES ApplyIntervalLevelLowerLimit="Y" ApplyMaxPercentMissing="Y" ComputeStatistics="N" DBPassThrough="Y" DataSelection="USERTABLE" DataSource="" Description="" ForceRun="N" IdentifyEmptyColumns="Y" IntervalLowerLimit="20.0" Library="SAMPSIO" MaxClassLevels="20.0" MaxPercentMissing="50.0" MetaAdvisor="BASIC" NBytes="640000.0" NCols="13.0" NObs="5960.0" NewTable="SAMPSIO.HMEQ" NewVariableRole="REJECT" OutputType="VIEW" Role="RAW" Sample="D" SampleSizeObs="10000.0" SampleSizePercent="20.0" SampleSizeType="PERCENT" Segment="" Table="HMEQ" VariableValidation="STRICT">
<EmVariableAttributes>
<DELTA AttributeName="ROLE" AttributeValue="TARGET" Variable="BAD"/>
<DELTA AttributeName="LEVEL" AttributeValue="BINARY" Variable="BAD"/>
</EmVariableAttributes>
<EmTargetAttributes/>
<EmFileProperties>
<EMNOTES Extension="txt" Type="EXTERNAL">
<Data/>
</EMNOTES>
</EmFileProperties>
</PROPERTIES>
</NODE>
<NODE COMPONENT="TargetChart" DESCRIPTION="Target BarChart" DIAGRAMID="_ROOT_" ID="$2" PARENTID="" X="320.0" Y="81.0">
<PROPERTIES Catalog="SASHELP.NODESBYGERHARD.TargetChart.SOURCE" Component="TargetChart" Extension="" ForceRun="N" Location="CATALOG" NotesFile="c:\goto\sas\emprojects\ExtensionNodes\Workspaces\EMWS7\TargetChart\EMNOTES.txt" RunAction="Train" ToolType="GTools" VariableSet="EMWS7.TargetChart_VariableSet">
<VariableProperties/>
<EmVariableAttributes/>
<VariableProperties/>
<EmTargetAttributes/>
<EmFileProperties>
<USERTRAINCODE Extension="sas" Type="EXTERNAL">
<Data/>
</USERTRAINCODE>
<USERSCORECODE Extension="sas" Type="EXTERNAL">
<Data/>
</USERSCORECODE>
<USERREPORTCODE Extension="sas" Type="EXTERNAL">
<Data/>
</USERREPORTCODE>
<EMNOTES Extension="txt" Type="EXTERNAL">
<Data/>
</EMNOTES>
</EmFileProperties>
</PROPERTIES>
</NODE>
<NODE COMPONENT="DataSource" DESCRIPTION="ASSOCS" DIAGRAMID="_ROOT_" ID="$3" PARENTID="" X="119.0" Y="227.0">
<PROPERTIES ApplyIntervalLevelLowerLimit="Y" ApplyMaxPercentMissing="Y" ComputeStatistics="N" DBPassThrough="Y" DataSelection="USERTABLE" DataSource="" Description="" ForceRun="N" IdentifyEmptyColumns="Y" IntervalLowerLimit="20.0" Library="SAMPSIO" MaxClassLevels="20.0" MaxPercentMissing="50.0" MetaAdvisor="BASIC" NBytes="177152.0" NCols="3.0" NObs="7007.0" NewTable="SAMPSIO.ASSOCS" NewVariableRole="REJECT" OutputType="VIEW" Role="TRANSACTION" Sample="D" SampleSizeObs="10000.0" SampleSizePercent="20.0" SampleSizeType="PERCENT" Segment="" Table="ASSOCS" VariableValidation="STRICT">
<EmVariableAttributes>
<DELTA AttributeName="ROLE" AttributeValue="ID" Variable="CUSTOMER"/>
<DELTA AttributeName="ROLE" AttributeValue="TARGET" Variable="PRODUCT"/>
<DELTA AttributeName="ROLE" AttributeValue="REJECTED" Variable="TIME"/>
</EmVariableAttributes>
<EmTargetAttributes/>
<EmFileProperties>
<EMNOTES Extension="txt" Type="EXTERNAL">
<Data/>
</EMNOTES>
</EmFileProperties>
</PROPERTIES>
</NODE>
<NODE COMPONENT="Association" DESCRIPTION="Association" DIAGRAMID="_ROOT_" ID="$4" PARENTID="" X="320.0" Y="227.0">
<PROPERTIES AssocSupportType="COUNT" ChainCount="3.0" Component="Association" ConsolTime="0.0" Criterion="DEFAULT" ExportIdRule="N" ForceRun="N" ItemCount="2.0" MaxDur="NaN" MaxItems="100000.0" MinConf="10.0" NumRules="1000.0" NumTransposeRules="200.0" PctsupA="5.0" PctsupS="2.0" RunAction="Train" SeqSupportType="PERCENT" SupportA="1.0" SupportS="NaN">
<VariableProperties/>
<EmVariableAttributes/>
<EmTargetAttributes/>
<EmFileProperties>
<RULESFILTER Type="DATA">
<Data/>
<Metadata/>
</RULESFILTER>
<EMNOTES Extension="txt" Type="EXTERNAL">
<Data/>
</EMNOTES>
</EmFileProperties>
</PROPERTIES>
</NODE>
<NODE COMPONENT="DataSource" DESCRIPTION="CLASS" DIAGRAMID="_ROOT_" ID="$5" PARENTID="" X="121.0" Y="363.0">
<PROPERTIES ApplyIntervalLevelLowerLimit="Y" ApplyMaxPercentMissing="Y" ComputeStatistics="N" DBPassThrough="Y" DataSelection="USERTABLE" DataSource="" Description="Student Data" ForceRun="N" IdentifyEmptyColumns="Y" IntervalLowerLimit="20.0" Library="SASHELP" MaxClassLevels="20.0" MaxPercentMissing="50.0" MetaAdvisor="BASIC" NBytes="5120.0" NCols="5.0" NObs="19.0" NewTable="SASHELP.CLASS" NewVariableRole="REJECT" OutputType="VIEW" Role="RAW" Sample="D" SampleSizeObs="10000.0" SampleSizePercent="20.0" SampleSizeType="PERCENT" Segment="" Table="CLASS" VariableValidation="STRICT">
<EmVariableAttributes>
<DELTA AttributeName="ROLE" AttributeValue="ID" Variable="Name"/>
</EmVariableAttributes>
<EmTargetAttributes/>
<EmFileProperties>
<EMNOTES Extension="txt" Type="EXTERNAL">
<Data/>
</EMNOTES>
</EmFileProperties>
</PROPERTIES>
</NODE>
<NODE COMPONENT="ANONYMOUS" DESCRIPTION="Make subject-ID anonymous" DIAGRAMID="_ROOT_" ID="$6" PARENTID="" X="324.0" Y="363.0">
<PROPERTIES Catalog="SASHELP.NODESBYGERHARD.ANONYMOUS.SOURCE" Component="ANONYMOUS" Extension="" ForceRun="N" Location="CATALOG" NotesFile="c:\goto\sas\emprojects\ExtensionNodes\Workspaces\EMWS7\ANONYMOUS\EMNOTES.txt" RunAction="Train" SurrogatKeyName="_KEY_" Surrogate="YES" ToolType="GTools" VariableSet="EMWS7.ANONYMOUS_VariableSet">
<VariableProperties/>
<EmVariableAttributes/>
<VariableProperties/>
<EmTargetAttributes/>
<EmFileProperties>
<USERTRAINCODE Extension="sas" Type="EXTERNAL">
<Data/>
</USERTRAINCODE>
<USERSCORECODE Extension="sas" Type="EXTERNAL">
<Data/>
</USERSCORECODE>
<USERREPORTCODE Extension="sas" Type="EXTERNAL">
<Data/>
</USERREPORTCODE>
<EMNOTES Extension="txt" Type="EXTERNAL">
<Data/>
</EMNOTES>
</EmFileProperties>
</PROPERTIES>
</NODE>
<NODE COMPONENT="ITEMMAP" DESCRIPTION="Item-Relation-Map" DIAGRAMID="_ROOT_" ID="$7" PARENTID="" X="532.0" Y="228.0">
<PROPERTIES Catalog="SASHELP.NODESBYGERHARD.ITEMMAP.SOURCE" Component="ITEMMAP" Cut="1" Extension="" ForceRun="N" Items="50" Location="CATALOG" NotesFile="" RunAction="Train" ToolType="GTools" VariableSet="">
<VariableProperties/>
<EmVariableAttributes/>
<VariableProperties/>
<EmTargetAttributes/>
<EmFileProperties>
<USERTRAINCODE Extension="sas" Type="EXTERNAL">
<Data/>
</USERTRAINCODE>
<USERSCORECODE Extension="sas" Type="EXTERNAL">
<Data/>
</USERSCORECODE>
<USERREPORTCODE Extension="sas" Type="EXTERNAL">
<Data/>
</USERREPORTCODE>
<EMNOTES Extension="txt" Type="EXTERNAL">
<Data/>
</EMNOTES>
</EmFileProperties>
</PROPERTIES>
</NODE>
</NODES>
<CONNECTIONS>
<CONNECTION FROM="$1" TO="$2"/>
<CONNECTION FROM="$3" TO="$4"/>
<CONNECTION FROM="$4" TO="$7"/>
<CONNECTION FROM="$5" TO="$6"/>
</CONNECTIONS>
<NOTES>
</NOTES>
</Workspace>
